Subject,MRI_File,View_Slice_Index,Label,Slice_PD_Probability
233667,I10285041.nii.gz,0,0,0.3660264
233667,I10285041.nii.gz,1,0,0.38999084
233667,I10285041.nii.gz,2,0,0.7108563
233667,I10285041.nii.gz,3,0,0.7095185
233667,I10285041.nii.gz,4,0,0.46310017
233667,I10285041.nii.gz,5,0,0.36245936
233667,I10285041.nii.gz,6,0,0.2263609
233667,I10285041.nii.gz,7,0,0.13374276
233667,I10285041.nii.gz,8,0,0.2896506
233667,I10285041.nii.gz,9,0,0.58878434
233667,I10285041.nii.gz,10,0,0.5699732
233667,I10285041.nii.gz,11,0,0.15027948
233667,I10285041.nii.gz,12,0,0.43763873
233667,I10285041.nii.gz,13,0,0.5182341
233667,I10285041.nii.gz,14,0,0.15314832
240509,I10285117.nii.gz,0,1,0.8089558
240509,I10285117.nii.gz,1,1,0.5304816
240509,I10285117.nii.gz,2,1,0.3083751
240509,I10285117.nii.gz,3,1,0.80792993
240509,I10285117.nii.gz,4,1,0.28020912
240509,I10285117.nii.gz,5,1,0.27357048
240509,I10285117.nii.gz,6,1,0.36003408
240509,I10285117.nii.gz,7,1,0.8259811
240509,I10285117.nii.gz,8,1,0.2815502
240509,I10285117.nii.gz,9,1,0.5996831
240509,I10285117.nii.gz,10,1,0.50046265
240509,I10285117.nii.gz,11,1,0.61642253
240509,I10285117.nii.gz,12,1,0.55697274
240509,I10285117.nii.gz,13,1,0.91326725
240509,I10285117.nii.gz,14,1,0.33108786
244636,I10285261.nii.gz,0,1,0.9952353
244636,I10285261.nii.gz,1,1,0.62314326
244636,I10285261.nii.gz,2,1,0.7858676
244636,I10285261.nii.gz,3,1,0.8374839
244636,I10285261.nii.gz,4,1,0.6047163
244636,I10285261.nii.gz,5,1,0.3055474
244636,I10285261.nii.gz,6,1,0.8701798
244636,I10285261.nii.gz,7,1,0.946603
244636,I10285261.nii.gz,8,1,0.9685464
244636,I10285261.nii.gz,9,1,0.8606421
244636,I10285261.nii.gz,10,1,0.7613325
244636,I10285261.nii.gz,11,1,0.75564206
244636,I10285261.nii.gz,12,1,0.7091146
244636,I10285261.nii.gz,13,1,0.3103844
244636,I10285261.nii.gz,14,1,0.9165865
251185,I10295194.nii.gz,0,1,0.82885665
251185,I10295194.nii.gz,1,1,0.7659007
251185,I10295194.nii.gz,2,1,0.5783628
251185,I10295194.nii.gz,3,1,0.63430786
251185,I10295194.nii.gz,4,1,0.5728393
251185,I10295194.nii.gz,5,1,0.4080261
251185,I10295194.nii.gz,6,1,0.575184
251185,I10295194.nii.gz,7,1,0.76054907
251185,I10295194.nii.gz,8,1,0.8431024
251185,I10295194.nii.gz,9,1,0.727416
251185,I10295194.nii.gz,10,1,0.29485545
251185,I10295194.nii.gz,11,1,0.46846926
251185,I10295194.nii.gz,12,1,0.32150036
251185,I10295194.nii.gz,13,1,0.6741426
251185,I10295194.nii.gz,14,1,0.54425013
253417,I10368393.nii.gz,0,0,0.51442224
253417,I10368393.nii.gz,1,0,0.4624878
253417,I10368393.nii.gz,2,0,0.83221906
253417,I10368393.nii.gz,3,0,0.48455292
253417,I10368393.nii.gz,4,0,0.6195619
253417,I10368393.nii.gz,5,0,0.44315246
253417,I10368393.nii.gz,6,0,0.81914246
253417,I10368393.nii.gz,7,0,0.45666578
253417,I10368393.nii.gz,8,0,0.6185305
253417,I10368393.nii.gz,9,0,0.49546683
253417,I10368393.nii.gz,10,0,0.7251327
253417,I10368393.nii.gz,11,0,0.2995327
253417,I10368393.nii.gz,12,0,0.75122714
253417,I10368393.nii.gz,13,0,0.34356806
253417,I10368393.nii.gz,14,0,0.18897916
292775,I10368489.nii.gz,0,1,0.76918864
292775,I10368489.nii.gz,1,1,0.8354645
292775,I10368489.nii.gz,2,1,0.6571757
292775,I10368489.nii.gz,3,1,0.46569514
292775,I10368489.nii.gz,4,1,0.48188484
292775,I10368489.nii.gz,5,1,0.284068
292775,I10368489.nii.gz,6,1,0.89119816
292775,I10368489.nii.gz,7,1,0.88878906
292775,I10368489.nii.gz,8,1,0.23345341
292775,I10368489.nii.gz,9,1,0.09904837
292775,I10368489.nii.gz,10,1,0.032719202
292775,I10368489.nii.gz,11,1,0.8478483
292775,I10368489.nii.gz,12,1,0.1006315
292775,I10368489.nii.gz,13,1,0.19735713
292775,I10368489.nii.gz,14,1,0.02672067
293727,I10368714.nii.gz,0,0,0.91796243
293727,I10368714.nii.gz,1,0,0.9426841
293727,I10368714.nii.gz,2,0,0.81679857
293727,I10368714.nii.gz,3,0,0.55784
293727,I10368714.nii.gz,4,0,0.5654551
293727,I10368714.nii.gz,5,0,0.66048187
293727,I10368714.nii.gz,6,0,0.9536388
293727,I10368714.nii.gz,7,0,0.12592879
293727,I10368714.nii.gz,8,0,0.7911879
293727,I10368714.nii.gz,9,0,0.8232632
293727,I10368714.nii.gz,10,0,0.8336233
293727,I10368714.nii.gz,11,0,0.90883523
293727,I10368714.nii.gz,12,0,0.8876837
293727,I10368714.nii.gz,13,0,0.83562034
293727,I10368714.nii.gz,14,0,0.9435923
293175,I10447897.nii.gz,0,1,0.17240545
293175,I10447897.nii.gz,1,1,0.51428896
293175,I10447897.nii.gz,2,1,0.7505319
293175,I10447897.nii.gz,3,1,0.95337224
293175,I10447897.nii.gz,4,1,0.8338789
293175,I10447897.nii.gz,5,1,0.8476074
293175,I10447897.nii.gz,6,1,0.7983928
293175,I10447897.nii.gz,7,1,0.57624555
293175,I10447897.nii.gz,8,1,0.9619012
293175,I10447897.nii.gz,9,1,0.88491696
293175,I10447897.nii.gz,10,1,0.92962664
293175,I10447897.nii.gz,11,1,0.8003892
293175,I10447897.nii.gz,12,1,0.64851415
293175,I10447897.nii.gz,13,1,0.42812753
293175,I10447897.nii.gz,14,1,0.91168505
293175,I10447898.nii.gz,0,1,0.4336182
293175,I10447898.nii.gz,1,1,0.5029149
293175,I10447898.nii.gz,2,1,0.73736286
293175,I10447898.nii.gz,3,1,0.9345199
293175,I10447898.nii.gz,4,1,0.9493164
293175,I10447898.nii.gz,5,1,0.77914166
293175,I10447898.nii.gz,6,1,0.5747676
293175,I10447898.nii.gz,7,1,0.62109876
293175,I10447898.nii.gz,8,1,0.9596201
293175,I10447898.nii.gz,9,1,0.7765554
293175,I10447898.nii.gz,10,1,0.92093
293175,I10447898.nii.gz,11,1,0.843652
293175,I10447898.nii.gz,12,1,0.8427017
293175,I10447898.nii.gz,13,1,0.4404678
293175,I10447898.nii.gz,14,1,0.7882235
174151,I10650738.nii.gz,0,1,0.9340921
174151,I10650738.nii.gz,1,1,0.68436927
174151,I10650738.nii.gz,2,1,0.95131487
174151,I10650738.nii.gz,3,1,0.89029706
174151,I10650738.nii.gz,4,1,0.5630721
174151,I10650738.nii.gz,5,1,0.9964472
174151,I10650738.nii.gz,6,1,0.722147
174151,I10650738.nii.gz,7,1,0.9366995
174151,I10650738.nii.gz,8,1,0.8942283
174151,I10650738.nii.gz,9,1,0.8140689
174151,I10650738.nii.gz,10,1,0.9684512
174151,I10650738.nii.gz,11,1,0.96239537
174151,I10650738.nii.gz,12,1,0.68527603
174151,I10650738.nii.gz,13,1,0.6488377
174151,I10650738.nii.gz,14,1,0.9944251
321482,I10893399.nii.gz,0,0,0.9590063
321482,I10893399.nii.gz,1,0,0.6449248
321482,I10893399.nii.gz,2,0,0.88061786
321482,I10893399.nii.gz,3,0,0.5768808
321482,I10893399.nii.gz,4,0,0.2517094
321482,I10893399.nii.gz,5,0,0.9667725
321482,I10893399.nii.gz,6,0,0.6995796
321482,I10893399.nii.gz,7,0,0.8550326
321482,I10893399.nii.gz,8,0,0.44342095
321482,I10893399.nii.gz,9,0,0.7386279
321482,I10893399.nii.gz,10,0,0.86977434
321482,I10893399.nii.gz,11,0,0.8883669
321482,I10893399.nii.gz,12,0,0.521525
321482,I10893399.nii.gz,13,0,0.75103474
321482,I10893399.nii.gz,14,0,0.5342047
293445,I11083843.nii.gz,0,1,0.9138848
293445,I11083843.nii.gz,1,1,0.59858364
293445,I11083843.nii.gz,2,1,0.6742857
293445,I11083843.nii.gz,3,1,0.35888737
293445,I11083843.nii.gz,4,1,0.2887743
293445,I11083843.nii.gz,5,1,0.11634169
293445,I11083843.nii.gz,6,1,0.544774
293445,I11083843.nii.gz,7,1,0.6753167
293445,I11083843.nii.gz,8,1,0.6378587
293445,I11083843.nii.gz,9,1,0.8399904
293445,I11083843.nii.gz,10,1,0.27229518
293445,I11083843.nii.gz,11,1,0.7208804
293445,I11083843.nii.gz,12,1,0.2265774
293445,I11083843.nii.gz,13,1,0.1476432
293445,I11083843.nii.gz,14,1,0.27541077
100017,I1473678.nii.gz,0,1,0.68808115
100017,I1473678.nii.gz,1,1,0.75992477
100017,I1473678.nii.gz,2,1,0.30317712
100017,I1473678.nii.gz,3,1,0.45130455
100017,I1473678.nii.gz,4,1,0.6321161
100017,I1473678.nii.gz,5,1,0.6593497
100017,I1473678.nii.gz,6,1,0.46846664
100017,I1473678.nii.gz,7,1,0.45632902
100017,I1473678.nii.gz,8,1,0.10595694
100017,I1473678.nii.gz,9,1,0.08003029
100017,I1473678.nii.gz,10,1,0.11563638
100017,I1473678.nii.gz,11,1,0.5570937
100017,I1473678.nii.gz,12,1,0.28740856
100017,I1473678.nii.gz,13,1,0.6083093
100017,I1473678.nii.gz,14,1,0.7238617
100891,I1497614.nii.gz,0,1,0.27578345
100891,I1497614.nii.gz,1,1,0.77717113
100891,I1497614.nii.gz,2,1,0.5942205
100891,I1497614.nii.gz,3,1,0.11754629
100891,I1497614.nii.gz,4,1,0.8123487
100891,I1497614.nii.gz,5,1,0.7012246
100891,I1497614.nii.gz,6,1,0.16295557
100891,I1497614.nii.gz,7,1,0.12180345
100891,I1497614.nii.gz,8,1,0.066425994
100891,I1497614.nii.gz,9,1,0.4082031
100891,I1497614.nii.gz,10,1,0.89573234
100891,I1497614.nii.gz,11,1,0.45422816
100891,I1497614.nii.gz,12,1,0.15892014
100891,I1497614.nii.gz,13,1,0.96646774
100891,I1497614.nii.gz,14,1,0.56189924
102479,I1518969.nii.gz,0,1,0.55174387
102479,I1518969.nii.gz,1,1,0.6590867
102479,I1518969.nii.gz,2,1,0.1849308
102479,I1518969.nii.gz,3,1,0.28882557
102479,I1518969.nii.gz,4,1,0.4787996
102479,I1518969.nii.gz,5,1,0.61972827
102479,I1518969.nii.gz,6,1,0.8710641
102479,I1518969.nii.gz,7,1,0.8133327
102479,I1518969.nii.gz,8,1,0.90679055
102479,I1518969.nii.gz,9,1,0.33668515
102479,I1518969.nii.gz,10,1,0.8955781
102479,I1518969.nii.gz,11,1,0.5274749
102479,I1518969.nii.gz,12,1,0.8898033
102479,I1518969.nii.gz,13,1,0.9210198
102479,I1518969.nii.gz,14,1,0.48253813
113369,I1519096.nii.gz,0,0,0.21332261
113369,I1519096.nii.gz,1,0,0.63912535
113369,I1519096.nii.gz,2,0,0.50729835
113369,I1519096.nii.gz,3,0,0.3818832
113369,I1519096.nii.gz,4,0,0.43010405
113369,I1519096.nii.gz,5,0,0.7652114
113369,I1519096.nii.gz,6,0,0.40458617
113369,I1519096.nii.gz,7,0,0.4074967
113369,I1519096.nii.gz,8,0,0.09498697
113369,I1519096.nii.gz,9,0,0.147735
113369,I1519096.nii.gz,10,0,0.8777777
113369,I1519096.nii.gz,11,0,0.89822906
113369,I1519096.nii.gz,12,0,0.9471452
113369,I1519096.nii.gz,13,0,0.1475156
113369,I1519096.nii.gz,14,0,0.96008754
140451,I1575216.nii.gz,0,0,0.12611218
140451,I1575216.nii.gz,1,0,0.41989335
140451,I1575216.nii.gz,2,0,0.31339037
140451,I1575216.nii.gz,3,0,0.464507
140451,I1575216.nii.gz,4,0,0.57898736
140451,I1575216.nii.gz,5,0,0.5716018
140451,I1575216.nii.gz,6,0,0.15539072
140451,I1575216.nii.gz,7,0,0.25880542
140451,I1575216.nii.gz,8,0,0.06763382
140451,I1575216.nii.gz,9,0,0.6000806
140451,I1575216.nii.gz,10,0,0.57619905
140451,I1575216.nii.gz,11,0,0.27691117
140451,I1575216.nii.gz,12,0,0.5495341
140451,I1575216.nii.gz,13,0,0.39892963
140451,I1575216.nii.gz,14,0,0.5829544
121854,I1580881.nii.gz,0,1,0.6315318
121854,I1580881.nii.gz,1,1,0.3318532
121854,I1580881.nii.gz,2,1,0.10049432
121854,I1580881.nii.gz,3,1,0.21905693
121854,I1580881.nii.gz,4,1,0.0283704
121854,I1580881.nii.gz,5,1,0.89935017
121854,I1580881.nii.gz,6,1,0.47691968
121854,I1580881.nii.gz,7,1,0.88536835
121854,I1580881.nii.gz,8,1,0.6530514
121854,I1580881.nii.gz,9,1,0.6653826
121854,I1580881.nii.gz,10,1,0.51887345
121854,I1580881.nii.gz,11,1,0.28373072
121854,I1580881.nii.gz,12,1,0.096164696
121854,I1580881.nii.gz,13,1,0.8842354
121854,I1580881.nii.gz,14,1,0.14027211
137842,I1580943.nii.gz,0,1,0.9220885
137842,I1580943.nii.gz,1,1,0.95358855
137842,I1580943.nii.gz,2,1,0.9256703
137842,I1580943.nii.gz,3,1,0.8792178
137842,I1580943.nii.gz,4,1,0.9060864
137842,I1580943.nii.gz,5,1,0.7965855
137842,I1580943.nii.gz,6,1,0.96770644
137842,I1580943.nii.gz,7,1,0.76634145
137842,I1580943.nii.gz,8,1,0.8252544
137842,I1580943.nii.gz,9,1,0.33962077
137842,I1580943.nii.gz,10,1,0.6781581
137842,I1580943.nii.gz,11,1,0.91575617
137842,I1580943.nii.gz,12,1,0.7336285
137842,I1580943.nii.gz,13,1,0.83171195
137842,I1580943.nii.gz,14,1,0.87714744
179894,I1670592.nii.gz,0,1,0.6136981
179894,I1670592.nii.gz,1,1,0.40648463
179894,I1670592.nii.gz,2,1,0.1789321
179894,I1670592.nii.gz,3,1,0.35729387
179894,I1670592.nii.gz,4,1,0.2822231
179894,I1670592.nii.gz,5,1,0.4755755
179894,I1670592.nii.gz,6,1,0.46147677
179894,I1670592.nii.gz,7,1,0.74029344
179894,I1670592.nii.gz,8,1,0.22101837
179894,I1670592.nii.gz,9,1,0.36130285
179894,I1670592.nii.gz,10,1,0.39024523
179894,I1670592.nii.gz,11,1,0.13238567
179894,I1670592.nii.gz,12,1,0.41130418
179894,I1670592.nii.gz,13,1,0.12799385
179894,I1670592.nii.gz,14,1,0.36054686
182848,I1678567.nii.gz,0,1,0.56043863
182848,I1678567.nii.gz,1,1,0.37007552
182848,I1678567.nii.gz,2,1,0.4960994
182848,I1678567.nii.gz,3,1,0.38920543
182848,I1678567.nii.gz,4,1,0.78618306
182848,I1678567.nii.gz,5,1,0.8544371
182848,I1678567.nii.gz,6,1,0.70651495
182848,I1678567.nii.gz,7,1,0.57003367
182848,I1678567.nii.gz,8,1,0.08681063
182848,I1678567.nii.gz,9,1,0.16687563
182848,I1678567.nii.gz,10,1,0.7545428
182848,I1678567.nii.gz,11,1,0.75959754
182848,I1678567.nii.gz,12,1,0.38810515
182848,I1678567.nii.gz,13,1,0.44206837
182848,I1678567.nii.gz,14,1,0.5320308
195159,I1678725.nii.gz,0,1,0.64306206
195159,I1678725.nii.gz,1,1,0.6066411
195159,I1678725.nii.gz,2,1,0.84591264
195159,I1678725.nii.gz,3,1,0.7106985
195159,I1678725.nii.gz,4,1,0.42774686
195159,I1678725.nii.gz,5,1,0.1834283
195159,I1678725.nii.gz,6,1,0.5491166
195159,I1678725.nii.gz,7,1,0.595645
195159,I1678725.nii.gz,8,1,0.74479574
195159,I1678725.nii.gz,9,1,0.21051982
195159,I1678725.nii.gz,10,1,0.6616634
195159,I1678725.nii.gz,11,1,0.8405616
195159,I1678725.nii.gz,12,1,0.82149136
195159,I1678725.nii.gz,13,1,0.7157028
195159,I1678725.nii.gz,14,1,0.49719337
211536,I1706743.nii.gz,0,1,0.8257568
211536,I1706743.nii.gz,1,1,0.8120838
211536,I1706743.nii.gz,2,1,0.7003287
211536,I1706743.nii.gz,3,1,0.7022177
211536,I1706743.nii.gz,4,1,0.4670234
211536,I1706743.nii.gz,5,1,0.57049966
211536,I1706743.nii.gz,6,1,0.34866053
211536,I1706743.nii.gz,7,1,0.36659604
211536,I1706743.nii.gz,8,1,0.6036433
211536,I1706743.nii.gz,9,1,0.5450925
211536,I1706743.nii.gz,10,1,0.35612404
211536,I1706743.nii.gz,11,1,0.800908
211536,I1706743.nii.gz,12,1,0.78562814
211536,I1706743.nii.gz,13,1,0.22766848
211536,I1706743.nii.gz,14,1,0.82420564
188170,I1716291.nii.gz,0,1,0.73533684
188170,I1716291.nii.gz,1,1,0.6596179
188170,I1716291.nii.gz,2,1,0.38998225
188170,I1716291.nii.gz,3,1,0.8447427
188170,I1716291.nii.gz,4,1,0.28216523
188170,I1716291.nii.gz,5,1,0.22634847
188170,I1716291.nii.gz,6,1,0.60762405
188170,I1716291.nii.gz,7,1,0.7302351
188170,I1716291.nii.gz,8,1,0.7819935
188170,I1716291.nii.gz,9,1,0.1512267
188170,I1716291.nii.gz,10,1,0.8162134
188170,I1716291.nii.gz,11,1,0.5184519
188170,I1716291.nii.gz,12,1,0.083932064
188170,I1716291.nii.gz,13,1,0.6414691
188170,I1716291.nii.gz,14,1,0.9172702
214900,I1716839.nii.gz,0,1,0.473461
214900,I1716839.nii.gz,1,1,0.68973076
214900,I1716839.nii.gz,2,1,0.09723315
214900,I1716839.nii.gz,3,1,0.5022024
214900,I1716839.nii.gz,4,1,0.34383675
214900,I1716839.nii.gz,5,1,0.4611023
214900,I1716839.nii.gz,6,1,0.86210793
214900,I1716839.nii.gz,7,1,0.997681
214900,I1716839.nii.gz,8,1,0.73247325
214900,I1716839.nii.gz,9,1,0.40817356
214900,I1716839.nii.gz,10,1,0.96560425
214900,I1716839.nii.gz,11,1,0.9327311
214900,I1716839.nii.gz,12,1,0.71915805
214900,I1716839.nii.gz,13,1,0.26759446
214900,I1716839.nii.gz,14,1,0.9580982
3102,I226365.nii.gz,0,1,0.2843477
3102,I226365.nii.gz,1,1,0.80844617
3102,I226365.nii.gz,2,1,0.12861574
3102,I226365.nii.gz,3,1,0.18996531
3102,I226365.nii.gz,4,1,0.66611075
3102,I226365.nii.gz,5,1,0.5917381
3102,I226365.nii.gz,6,1,0.6423261
3102,I226365.nii.gz,7,1,0.5795872
3102,I226365.nii.gz,8,1,0.18151712
3102,I226365.nii.gz,9,1,0.18894121
3102,I226365.nii.gz,10,1,0.5491583
3102,I226365.nii.gz,11,1,0.61168605
3102,I226365.nii.gz,12,1,0.628688
3102,I226365.nii.gz,13,1,0.6297469
3102,I226365.nii.gz,14,1,0.87327296
3108,I232161.nii.gz,0,1,0.6386336
3108,I232161.nii.gz,1,1,0.7004678
3108,I232161.nii.gz,2,1,0.78150713
3108,I232161.nii.gz,3,1,0.5609956
3108,I232161.nii.gz,4,1,0.575196
3108,I232161.nii.gz,5,1,0.8552298
3108,I232161.nii.gz,6,1,0.5929329
3108,I232161.nii.gz,7,1,0.79980785
3108,I232161.nii.gz,8,1,0.7478785
3108,I232161.nii.gz,9,1,0.84030986
3108,I232161.nii.gz,10,1,0.81828654
3108,I232161.nii.gz,11,1,0.76887214
3108,I232161.nii.gz,12,1,0.89679486
3108,I232161.nii.gz,13,1,0.9321401
3108,I232161.nii.gz,14,1,0.71677935
3106,I235251.nii.gz,0,0,0.3121906
3106,I235251.nii.gz,1,0,0.7869468
3106,I235251.nii.gz,2,0,0.51955074
3106,I235251.nii.gz,3,0,0.79181373
3106,I235251.nii.gz,4,0,0.50764024
3106,I235251.nii.gz,5,0,0.72126555
3106,I235251.nii.gz,6,0,0.5244909
3106,I235251.nii.gz,7,0,0.7303604
3106,I235251.nii.gz,8,0,0.37421075
3106,I235251.nii.gz,9,0,0.14881778
3106,I235251.nii.gz,10,0,0.75367755
3106,I235251.nii.gz,11,0,0.73085797
3106,I235251.nii.gz,12,0,0.69361293
3106,I235251.nii.gz,13,0,0.67225075
3106,I235251.nii.gz,14,0,0.8005214
3111,I243549.nii.gz,0,1,0.28794405
3111,I243549.nii.gz,1,1,0.39139766
3111,I243549.nii.gz,2,1,0.5839398
3111,I243549.nii.gz,3,1,0.6878705
3111,I243549.nii.gz,4,1,0.691152
3111,I243549.nii.gz,5,1,0.706856
3111,I243549.nii.gz,6,1,0.53985316
3111,I243549.nii.gz,7,1,0.2391463
3111,I243549.nii.gz,8,1,0.57509714
3111,I243549.nii.gz,9,1,0.5232854
3111,I243549.nii.gz,10,1,0.38823575
3111,I243549.nii.gz,11,1,0.70546913
3111,I243549.nii.gz,12,1,0.83544767
3111,I243549.nii.gz,13,1,0.8105954
3111,I243549.nii.gz,14,1,0.5307237
3112,I243563.nii.gz,0,0,0.3405067
3112,I243563.nii.gz,1,0,0.7681651
3112,I243563.nii.gz,2,0,0.7716984
3112,I243563.nii.gz,3,0,0.69405484
3112,I243563.nii.gz,4,0,0.89162254
3112,I243563.nii.gz,5,0,0.851666
3112,I243563.nii.gz,6,0,0.8607758
3112,I243563.nii.gz,7,0,0.9851203
3112,I243563.nii.gz,8,0,0.3854713
3112,I243563.nii.gz,9,0,0.8620398
3112,I243563.nii.gz,10,0,0.2280226
3112,I243563.nii.gz,11,0,0.8569986
3112,I243563.nii.gz,12,0,0.75904036
3112,I243563.nii.gz,13,0,0.33010015
3112,I243563.nii.gz,14,0,0.5215762
3569,I249281.nii.gz,0,0,0.3274822
3569,I249281.nii.gz,1,0,0.35485783
3569,I249281.nii.gz,2,0,0.790486
3569,I249281.nii.gz,3,0,0.51704633
3569,I249281.nii.gz,4,0,0.7136459
3569,I249281.nii.gz,5,0,0.5206355
3569,I249281.nii.gz,6,0,0.85571575
3569,I249281.nii.gz,7,0,0.7172753
3569,I249281.nii.gz,8,0,0.8184258
3569,I249281.nii.gz,9,0,0.87802523
3569,I249281.nii.gz,10,0,0.3493202
3569,I249281.nii.gz,11,0,0.17685467
3569,I249281.nii.gz,12,0,0.3695917
3569,I249281.nii.gz,13,0,0.17722939
3569,I249281.nii.gz,14,0,0.20372985
3350,I249425.nii.gz,0,0,0.43018827
3350,I249425.nii.gz,1,0,0.66154075
3350,I249425.nii.gz,2,0,0.1800658
3350,I249425.nii.gz,3,0,0.7459814
3350,I249425.nii.gz,4,0,0.32019714
3350,I249425.nii.gz,5,0,0.47572076
3350,I249425.nii.gz,6,0,0.71889484
3350,I249425.nii.gz,7,0,0.6603112
3350,I249425.nii.gz,8,0,0.27662405
3350,I249425.nii.gz,9,0,0.83695936
3350,I249425.nii.gz,10,0,0.5262189
3350,I249425.nii.gz,11,0,0.58173907
3350,I249425.nii.gz,12,0,0.8198868
3350,I249425.nii.gz,13,0,0.5151894
3350,I249425.nii.gz,14,0,0.5885717
3355,I249440.nii.gz,0,0,0.0821941
3355,I249440.nii.gz,1,0,0.27430913
3355,I249440.nii.gz,2,0,0.85152537
3355,I249440.nii.gz,3,0,0.60021186
3355,I249440.nii.gz,4,0,0.88093996
3355,I249440.nii.gz,5,0,0.7218952
3355,I249440.nii.gz,6,0,0.8610233
3355,I249440.nii.gz,7,0,0.68785894
3355,I249440.nii.gz,8,0,0.5284373
3355,I249440.nii.gz,9,0,0.7829292
3355,I249440.nii.gz,10,0,0.6777778
3355,I249440.nii.gz,11,0,0.6070122
3355,I249440.nii.gz,12,0,0.84739834
3355,I249440.nii.gz,13,0,0.49209562
3355,I249440.nii.gz,14,0,0.6473714
3613,I252792.nii.gz,0,0,0.20258518
3613,I252792.nii.gz,1,0,0.30338562
3613,I252792.nii.gz,2,0,0.19548927
3613,I252792.nii.gz,3,0,0.53663075
3613,I252792.nii.gz,4,0,0.47406262
3613,I252792.nii.gz,5,0,0.37005973
3613,I252792.nii.gz,6,0,0.6251428
3613,I252792.nii.gz,7,0,0.029424418
3613,I252792.nii.gz,8,0,0.66592824
3613,I252792.nii.gz,9,0,0.07328308
3613,I252792.nii.gz,10,0,0.23355266
3613,I252792.nii.gz,11,0,0.6448215
3613,I252792.nii.gz,12,0,0.032290947
3613,I252792.nii.gz,13,0,0.5088084
3613,I252792.nii.gz,14,0,0.5167308
3369,I259639.nii.gz,0,0,0.443273
3369,I259639.nii.gz,1,0,0.22489105
3369,I259639.nii.gz,2,0,0.6304792
3369,I259639.nii.gz,3,0,0.65275383
3369,I259639.nii.gz,4,0,0.54438484
3369,I259639.nii.gz,5,0,0.7935903
3369,I259639.nii.gz,6,0,0.5750618
3369,I259639.nii.gz,7,0,0.7085356
3369,I259639.nii.gz,8,0,0.24826948
3369,I259639.nii.gz,9,0,0.19384341
3369,I259639.nii.gz,10,0,0.5451373
3369,I259639.nii.gz,11,0,0.67080075
3369,I259639.nii.gz,12,0,0.28322238
3369,I259639.nii.gz,13,0,0.3352543
3369,I259639.nii.gz,14,0,0.6546595
3517,I260386.nii.gz,0,0,0.042260233
3517,I260386.nii.gz,1,0,0.6230093
3517,I260386.nii.gz,2,0,0.0030141915
3517,I260386.nii.gz,3,0,0.01195311
3517,I260386.nii.gz,4,0,0.012122906
3517,I260386.nii.gz,5,0,0.008219292
3517,I260386.nii.gz,6,0,0.063867606
3517,I260386.nii.gz,7,0,0.006966414
3517,I260386.nii.gz,8,0,0.037731238
3517,I260386.nii.gz,9,0,0.30453253
3517,I260386.nii.gz,10,0,0.02482271
3517,I260386.nii.gz,11,0,0.013247686
3517,I260386.nii.gz,12,0,0.024521682
3517,I260386.nii.gz,13,0,0.0029526115
3517,I260386.nii.gz,14,0,0.49540153
3168,I265339.nii.gz,0,1,0.37780854
3168,I265339.nii.gz,1,1,0.5790932
3168,I265339.nii.gz,2,1,0.85336685
3168,I265339.nii.gz,3,1,0.8449595
3168,I265339.nii.gz,4,1,0.454014
3168,I265339.nii.gz,5,1,0.61233807
3168,I265339.nii.gz,6,1,0.52535784
3168,I265339.nii.gz,7,1,0.33479017
3168,I265339.nii.gz,8,1,0.4296073
3168,I265339.nii.gz,9,1,0.30993664
3168,I265339.nii.gz,10,1,0.6363008
3168,I265339.nii.gz,11,1,0.3222566
3168,I265339.nii.gz,12,1,0.32606918
3168,I265339.nii.gz,13,1,0.68882036
3168,I265339.nii.gz,14,1,0.09631455
3812,I269597.nii.gz,0,0,0.039100762
3812,I269597.nii.gz,1,0,0.47258785
3812,I269597.nii.gz,2,0,0.80878735
3812,I269597.nii.gz,3,0,0.79595387
3812,I269597.nii.gz,4,0,0.5280575
3812,I269597.nii.gz,5,0,0.3018218
3812,I269597.nii.gz,6,0,0.6108243
3812,I269597.nii.gz,7,0,0.94098514
3812,I269597.nii.gz,8,0,0.53560853
3812,I269597.nii.gz,9,0,0.07728802
3812,I269597.nii.gz,10,0,0.5157101
3812,I269597.nii.gz,11,0,0.70389396
3812,I269597.nii.gz,12,0,0.053571384
3812,I269597.nii.gz,13,0,0.51607704
3812,I269597.nii.gz,14,0,0.40731987
3759,I282151.nii.gz,0,0,0.52431923
3759,I282151.nii.gz,1,0,0.8986113
3759,I282151.nii.gz,2,0,0.4057416
3759,I282151.nii.gz,3,0,0.40820694
3759,I282151.nii.gz,4,0,0.46619368
3759,I282151.nii.gz,5,0,0.6806573
3759,I282151.nii.gz,6,0,0.59520173
3759,I282151.nii.gz,7,0,0.66370064
3759,I282151.nii.gz,8,0,0.15586874
3759,I282151.nii.gz,9,0,0.66317004
3759,I282151.nii.gz,10,0,0.4761241
3759,I282151.nii.gz,11,0,0.272134
3759,I282151.nii.gz,12,0,0.8409
3759,I282151.nii.gz,13,0,0.27838397
3759,I282151.nii.gz,14,0,0.23385376
3624,I287603.nii.gz,0,0,0.24090005
3624,I287603.nii.gz,1,0,0.57911456
3624,I287603.nii.gz,2,0,0.5939382
3624,I287603.nii.gz,3,0,0.4931213
3624,I287603.nii.gz,4,0,0.443194
3624,I287603.nii.gz,5,0,0.31541455
3624,I287603.nii.gz,6,0,0.3600467
3624,I287603.nii.gz,7,0,0.3999701
3624,I287603.nii.gz,8,0,0.16049393
3624,I287603.nii.gz,9,0,0.5906391
3624,I287603.nii.gz,10,0,0.8446741
3624,I287603.nii.gz,11,0,0.21486308
3624,I287603.nii.gz,12,0,0.43684477
3624,I287603.nii.gz,13,0,0.76779336
3624,I287603.nii.gz,14,0,0.6260898
3765,I288122.nii.gz,0,0,0.4125822
3765,I288122.nii.gz,1,0,0.14597577
3765,I288122.nii.gz,2,0,0.32692605
3765,I288122.nii.gz,3,0,0.77011645
3765,I288122.nii.gz,4,0,0.47206452
3765,I288122.nii.gz,5,0,0.32994995
3765,I288122.nii.gz,6,0,0.45828778
3765,I288122.nii.gz,7,0,0.4791153
3765,I288122.nii.gz,8,0,0.7343581
3765,I288122.nii.gz,9,0,0.2213661
3765,I288122.nii.gz,10,0,0.64595264
3765,I288122.nii.gz,11,0,0.69488174
3765,I288122.nii.gz,12,0,0.34969953
3765,I288122.nii.gz,13,0,0.690593
3765,I288122.nii.gz,14,0,0.5866515
4010,I288213.nii.gz,0,0,0.039620996
4010,I288213.nii.gz,1,0,0.58976674
4010,I288213.nii.gz,2,0,0.12721854
4010,I288213.nii.gz,3,0,0.48330545
4010,I288213.nii.gz,4,0,0.66172487
4010,I288213.nii.gz,5,0,0.096452855
4010,I288213.nii.gz,6,0,0.24658723
4010,I288213.nii.gz,7,0,0.040464055
4010,I288213.nii.gz,8,0,0.11374825
4010,I288213.nii.gz,9,0,0.14884098
4010,I288213.nii.gz,10,0,0.118872695
4010,I288213.nii.gz,11,0,0.061872937
4010,I288213.nii.gz,12,0,0.89300454
4010,I288213.nii.gz,13,0,0.39009705
4010,I288213.nii.gz,14,0,0.34015778
3150,I294968.nii.gz,0,1,0.6054365
3150,I294968.nii.gz,1,1,0.513631
3150,I294968.nii.gz,2,1,0.5030199
3150,I294968.nii.gz,3,1,0.5445995
3150,I294968.nii.gz,4,1,0.46921107
3150,I294968.nii.gz,5,1,0.014230062
3150,I294968.nii.gz,6,1,0.54743564
3150,I294968.nii.gz,7,1,0.035955776
3150,I294968.nii.gz,8,1,0.65205747
3150,I294968.nii.gz,9,1,0.62489736
3150,I294968.nii.gz,10,1,0.131127
3150,I294968.nii.gz,11,1,0.16013569
3150,I294968.nii.gz,12,1,0.23756701
3150,I294968.nii.gz,13,1,0.22333536
3150,I294968.nii.gz,14,1,0.0963624
3174,I305915.nii.gz,0,1,0.32677808
3174,I305915.nii.gz,1,1,0.2336093
3174,I305915.nii.gz,2,1,0.4089256
3174,I305915.nii.gz,3,1,0.7784264
3174,I305915.nii.gz,4,1,0.26130936
3174,I305915.nii.gz,5,1,0.3629537
3174,I305915.nii.gz,6,1,0.4394311
3174,I305915.nii.gz,7,1,0.41901892
3174,I305915.nii.gz,8,1,0.56294084
3174,I305915.nii.gz,9,1,0.41820735
3174,I305915.nii.gz,10,1,0.19048533
3174,I305915.nii.gz,11,1,0.32272097
3174,I305915.nii.gz,12,1,0.8066575
3174,I305915.nii.gz,13,1,0.578222
3174,I305915.nii.gz,14,1,0.14741738
3178,I315639.nii.gz,0,1,0.35296127
3178,I315639.nii.gz,1,1,0.34955892
3178,I315639.nii.gz,2,1,0.45650333
3178,I315639.nii.gz,3,1,0.15475361
3178,I315639.nii.gz,4,1,0.20457248
3178,I315639.nii.gz,5,1,0.034502294
3178,I315639.nii.gz,6,1,0.0037024901
3178,I315639.nii.gz,7,1,0.12056961
3178,I315639.nii.gz,8,1,0.0067243613
3178,I315639.nii.gz,9,1,0.18343396
3178,I315639.nii.gz,10,1,0.4074123
3178,I315639.nii.gz,11,1,0.34158963
3178,I315639.nii.gz,12,1,0.7357744
3178,I315639.nii.gz,13,1,0.30348784
3178,I315639.nii.gz,14,1,0.5167041
3320,I315651.nii.gz,0,0,0.13128273
3320,I315651.nii.gz,1,0,0.49739686
3320,I315651.nii.gz,2,0,0.7197515
3320,I315651.nii.gz,3,0,0.732056
3320,I315651.nii.gz,4,0,0.49062797
3320,I315651.nii.gz,5,0,0.03513128
3320,I315651.nii.gz,6,0,0.20413463
3320,I315651.nii.gz,7,0,0.19966088
3320,I315651.nii.gz,8,0,0.30566198
3320,I315651.nii.gz,9,0,0.6423081
3320,I315651.nii.gz,10,0,0.21740046
3320,I315651.nii.gz,11,0,0.28172317
3320,I315651.nii.gz,12,0,0.047720373
3320,I315651.nii.gz,13,0,0.1597785
3320,I315651.nii.gz,14,0,0.18447834
3124,I337672.nii.gz,0,1,0.22064579
3124,I337672.nii.gz,1,1,0.6788262
3124,I337672.nii.gz,2,1,0.7330545
3124,I337672.nii.gz,3,1,0.7545685
3124,I337672.nii.gz,4,1,0.5011616
3124,I337672.nii.gz,5,1,0.7102298
3124,I337672.nii.gz,6,1,0.33428502
3124,I337672.nii.gz,7,1,0.38622776
3124,I337672.nii.gz,8,1,0.4122658
3124,I337672.nii.gz,9,1,0.82686615
3124,I337672.nii.gz,10,1,0.2987648
3124,I337672.nii.gz,11,1,0.7078794
3124,I337672.nii.gz,12,1,0.8283845
3124,I337672.nii.gz,13,1,0.9334872
3124,I337672.nii.gz,14,1,0.87159
3126,I337698.nii.gz,0,1,0.31354076
3126,I337698.nii.gz,1,1,0.6882849
3126,I337698.nii.gz,2,1,0.19926095
3126,I337698.nii.gz,3,1,0.69867
3126,I337698.nii.gz,4,1,0.52207226
3126,I337698.nii.gz,5,1,0.8697655
3126,I337698.nii.gz,6,1,0.20874317
3126,I337698.nii.gz,7,1,0.7720794
3126,I337698.nii.gz,8,1,0.756997
3126,I337698.nii.gz,9,1,0.5094824
3126,I337698.nii.gz,10,1,0.6127191
3126,I337698.nii.gz,11,1,0.5648278
3126,I337698.nii.gz,12,1,0.5446142
3126,I337698.nii.gz,13,1,0.5517556
3126,I337698.nii.gz,14,1,0.8515752
3184,I351037.nii.gz,0,1,0.0055901925
3184,I351037.nii.gz,1,1,0.17974685
3184,I351037.nii.gz,2,1,0.301989
3184,I351037.nii.gz,3,1,0.6573762
3184,I351037.nii.gz,4,1,0.5852618
3184,I351037.nii.gz,5,1,0.49682567
3184,I351037.nii.gz,6,1,0.16913341
3184,I351037.nii.gz,7,1,0.18607341
3184,I351037.nii.gz,8,1,0.090382986
3184,I351037.nii.gz,9,1,0.059762027
3184,I351037.nii.gz,10,1,0.04199623
3184,I351037.nii.gz,11,1,0.33468413
3184,I351037.nii.gz,12,1,0.5775337
3184,I351037.nii.gz,13,1,0.3304197
3184,I351037.nii.gz,14,1,0.35728762
3662,I352255.nii.gz,0,0,0.335919
3662,I352255.nii.gz,1,0,0.379574
3662,I352255.nii.gz,2,0,0.43845305
3662,I352255.nii.gz,3,0,0.61686146
3662,I352255.nii.gz,4,0,0.56662107
3662,I352255.nii.gz,5,0,0.2891486
3662,I352255.nii.gz,6,0,0.23454724
3662,I352255.nii.gz,7,0,0.4133702
3662,I352255.nii.gz,8,0,0.37956056
3662,I352255.nii.gz,9,0,0.18916641
3662,I352255.nii.gz,10,0,0.28580433
3662,I352255.nii.gz,11,0,0.58767474
3662,I352255.nii.gz,12,0,0.06979722
3662,I352255.nii.gz,13,0,0.72565067
3662,I352255.nii.gz,14,0,0.66835564
4105,I355434.nii.gz,0,0,0.2869085
4105,I355434.nii.gz,1,0,0.31843665
4105,I355434.nii.gz,2,0,0.63973427
4105,I355434.nii.gz,3,0,0.63980687
4105,I355434.nii.gz,4,0,0.8027675
4105,I355434.nii.gz,5,0,0.8794956
4105,I355434.nii.gz,6,0,0.6865234
4105,I355434.nii.gz,7,0,0.31509742
4105,I355434.nii.gz,8,0,0.060829442
4105,I355434.nii.gz,9,0,0.29639912
4105,I355434.nii.gz,10,0,0.5221683
4105,I355434.nii.gz,11,0,0.45239714
4105,I355434.nii.gz,12,0,0.22631355
4105,I355434.nii.gz,13,0,0.40184003
4105,I355434.nii.gz,14,0,0.6038773
4067,I356067.nii.gz,0,0,0.19671422
4067,I356067.nii.gz,1,0,0.26872078
4067,I356067.nii.gz,2,0,0.070814095
4067,I356067.nii.gz,3,0,0.0873025
4067,I356067.nii.gz,4,0,0.5976902
4067,I356067.nii.gz,5,0,0.23184462
4067,I356067.nii.gz,6,0,0.8888746
4067,I356067.nii.gz,7,0,0.45586357
4067,I356067.nii.gz,8,0,0.040766
4067,I356067.nii.gz,9,0,0.2524143
4067,I356067.nii.gz,10,0,0.5218247
4067,I356067.nii.gz,11,0,0.23817122
4067,I356067.nii.gz,12,0,0.034072947
4067,I356067.nii.gz,13,0,0.008110637
4067,I356067.nii.gz,14,0,0.52328634
4104,I364057.nii.gz,0,0,0.3408857
4104,I364057.nii.gz,1,0,0.17227119
4104,I364057.nii.gz,2,0,0.09641356
4104,I364057.nii.gz,3,0,0.35772896
4104,I364057.nii.gz,4,0,0.44300997
4104,I364057.nii.gz,5,0,0.4558368
4104,I364057.nii.gz,6,0,0.4480267
4104,I364057.nii.gz,7,0,0.22297618
4104,I364057.nii.gz,8,0,0.18684699
4104,I364057.nii.gz,9,0,0.1870412
4104,I364057.nii.gz,10,0,0.22996138
4104,I364057.nii.gz,11,0,0.93253225
4104,I364057.nii.gz,12,0,0.45293206
4104,I364057.nii.gz,13,0,0.66817856
4104,I364057.nii.gz,14,0,0.4807266
3188,I367304.nii.gz,0,0,0.32385206
3188,I367304.nii.gz,1,0,0.38228795
3188,I367304.nii.gz,2,0,0.50850964
3188,I367304.nii.gz,3,0,0.66156083
3188,I367304.nii.gz,4,0,0.64458233
3188,I367304.nii.gz,5,0,0.7810194
3188,I367304.nii.gz,6,0,0.28087816
3188,I367304.nii.gz,7,0,0.13062297
3188,I367304.nii.gz,8,0,0.58037937
3188,I367304.nii.gz,9,0,0.9043618
3188,I367304.nii.gz,10,0,0.50155896
3188,I367304.nii.gz,11,0,0.8010338
3188,I367304.nii.gz,12,0,0.19384743
3188,I367304.nii.gz,13,0,0.27603987
3188,I367304.nii.gz,14,0,0.915756
3390,I374736.nii.gz,0,0,0.49350932
3390,I374736.nii.gz,1,0,0.67943966
3390,I374736.nii.gz,2,0,0.48309767
3390,I374736.nii.gz,3,0,0.4437369
3390,I374736.nii.gz,4,0,0.36969838
3390,I374736.nii.gz,5,0,0.47039807
3390,I374736.nii.gz,6,0,0.45294526
3390,I374736.nii.gz,7,0,0.6182718
3390,I374736.nii.gz,8,0,0.8194538
3390,I374736.nii.gz,9,0,0.43367404
3390,I374736.nii.gz,10,0,0.7083408
3390,I374736.nii.gz,11,0,0.42444673
3390,I374736.nii.gz,12,0,0.44667587
3390,I374736.nii.gz,13,0,0.443208
3390,I374736.nii.gz,14,0,0.32806733
4085,I377941.nii.gz,0,0,0.51195204
4085,I377941.nii.gz,1,0,0.24214803
4085,I377941.nii.gz,2,0,0.5141247
4085,I377941.nii.gz,3,0,0.18802191
4085,I377941.nii.gz,4,0,0.74818194
4085,I377941.nii.gz,5,0,0.6283164
4085,I377941.nii.gz,6,0,0.2968423
4085,I377941.nii.gz,7,0,0.7183058
4085,I377941.nii.gz,8,0,0.66000617
4085,I377941.nii.gz,9,0,0.68983066
4085,I377941.nii.gz,10,0,0.7189623
4085,I377941.nii.gz,11,0,0.54421425
4085,I377941.nii.gz,12,0,0.28900927
4085,I377941.nii.gz,13,0,0.60096484
4085,I377941.nii.gz,14,0,0.25790918
3851,I395241.nii.gz,0,0,0.064590245
3851,I395241.nii.gz,1,0,0.14928713
3851,I395241.nii.gz,2,0,0.1443876
3851,I395241.nii.gz,3,0,0.5765836
3851,I395241.nii.gz,4,0,0.31785548
3851,I395241.nii.gz,5,0,0.7232212
3851,I395241.nii.gz,6,0,0.44102618
3851,I395241.nii.gz,7,0,0.009949976
3851,I395241.nii.gz,8,0,0.0042519798
3851,I395241.nii.gz,9,0,0.2586925
3851,I395241.nii.gz,10,0,0.27492568
3851,I395241.nii.gz,11,0,0.007812788
3851,I395241.nii.gz,12,0,0.5156938
3851,I395241.nii.gz,13,0,0.48765776
3851,I395241.nii.gz,14,0,0.463319
